Subfolder, File Name,Max Diameter uM,Min Diameter uM,Diameter uM,Area,Equivalent Circle Diameter, Ellipse Major, Ellipse Minor, Circularity,Bumpy,Solidity, Meets Criteria 
,Org4.jpg,1449.44535606,1007.74895755,1228.59715681,1013985.12773,803.44444811,1363.85931112,946.612272883,0.385519958526,0.694068856782,0.912504099379,True
,Org2.jpg,2373.1833781,1589.30489153,1981.24413481,2435092.55876,1245.08155173,2241.39464565,1383.27096788,0.207977761927,0.617147440129,0.879449604196,True
,Org3.jpg,1344.80649561,991.361172992,1168.0838343,931690.696035,770.151101295,1313.33107677,903.249347128,0.203595029521,0.687754491694,0.905835040937,True
,Org1.jpg,1126.86649748,1006.2003949,1066.53344619,801352.880036,714.252818038,1031.92370396,988.749625802,0.393015024365,0.958161559819,0.941883559775,True
