Subfolder, File Name,Max Diameter uM,Min Diameter uM,Diameter uM,Area,Equivalent Circle Diameter, Ellipse Major, Ellipse Minor, Circularity,Bumpy,Solidity, Meets Criteria 
,T2-3450p0101w1org2-4x.tif,590.59286292,389.815645302,490.204254111,148962.721896,307.949044656,579.389959802,327.353322233,0.434782804877,0.564996539368,0.890225980868,True
,T2-3450p0101w2org2-4x.tif,281.902564103,231.289666857,256.59611548,42184.297872,163.876044951,250.990801348,213.994759685,0.538406471516,0.852600009783,0.928607905219,True
,T2-3450p0101w2org1-4x.tif,424.338,214.30609937,319.322049685,65911.805496,204.843253761,390.807348884,214.738841176,0.325377810731,0.54947493129,0.905446317601,True
,T2-3450p0101w1org3-4x.tif,170.601695384,128.8092,149.705447692,14559.428808,96.2747124304,153.22360014,120.984238003,0.396037912197,0.78959271217,0.868289983398,True
