Subfolder, File Name,Max Diameter uM,Min Diameter uM,Diameter uM,Area,Equivalent Circle Diameter, Ellipse Major, Ellipse Minor, Circularity,Bumpy,Solidity, Meets Criteria 
,T2-3450p0101w1org2-4x.tif,566.479027524,373.23,469.854513762,132550.929225,290.490176065,546.634555363,308.742071142,0.365568337334,0.564805258127,0.864654771373,True
,T2-3450p0101w2org2-4x.tif,1164.57697823,887.865625632,1026.22130193,575832.081825,605.463532224,917.714195935,798.911230702,0.137253267908,0.870544701434,0.72887959652,True
,T2-3450p0101w2org1-4x.tif,279.747804683,112.141115517,195.9444601,14253.97545,95.2594489083,218.284324853,83.1425949841,0.144356602434,0.380891275817,0.615048640064,False
,T2-3450p0101w1org3-4x.tif,2017.39616214,1199.67412776,1608.53514495,1378467.09,936.781407294,1678.58012188,1045.59728024,0.116776171008,0.622905791989,0.797750535206,True
